{
  "generated_at": "2026-02-28T02:19:09.658026+00:00",
  "windows": {
    "30d": {
      "overall": {
        "n": 2690,
        "positive_rate": 0.5312267657992565,
        "avg_clv_delta": 0.006423979560611895,
        "median_clv_delta": 0.003216894244903311
      },
      "by_bucket": {
        "A: <0.55": {
          "n": 1250,
          "positive_rate": 0.5176,
          "ci_95_lower": 0.4898870843758855,
          "ci_95_upper": 0.5452050676152431,
          "avg_clv_delta": 0.0017436373364034953,
          "median_clv_delta": 0.0017668372193181147
        },
        "B: 0.55-0.60": {
          "n": 840,
          "positive_rate": 0.5083333333333333,
          "ci_95_lower": 0.4745639032308408,
          "ci_95_upper": 0.5420268882162743,
          "avg_clv_delta": 0.0034942282263301775,
          "median_clv_delta": 0.0016619378396554286
        },
        "C: 0.60-0.65": {
          "n": 415,
          "positive_rate": 0.563855421686747,
          "ci_95_lower": 0.5157730563348323,
          "ci_95_upper": 0.6107664278042789,
          "avg_clv_delta": 0.013680794893512035,
          "median_clv_delta": 0.014724813242069743
        },
        "D: >0.65": {
          "n": 185,
          "positive_rate": 0.654054054054054,
          "ci_95_lower": 0.5830027414452169,
          "ci_95_upper": 0.7188375310371174,
          "avg_clv_delta": 0.035071766251982626,
          "median_clv_delta": 0.042984014903644265
        },
        "overall": {
          "n": 2690,
          "positive_rate": 0.5312267657992565,
          "avg_clv_delta": 0.006423979560611895,
          "median_clv_delta": 0.003216894244903311
        }
      },
      "by_signal_type": {
        "steam": {
          "A: <0.55": {
            "n": 1250,
            "positive_rate": 0.5176,
            "ci_95_lower": 0.4898870843758855,
            "ci_95_upper": 0.5452050676152431,
            "avg_clv_delta": 0.0017436373364034953,
            "median_clv_delta": 0.0017668372193181147
          },
          "B: 0.55-0.60": {
            "n": 840,
            "positive_rate": 0.5083333333333333,
            "ci_95_lower": 0.4745639032308408,
            "ci_95_upper": 0.5420268882162743,
            "avg_clv_delta": 0.0034942282263301775,
            "median_clv_delta": 0.0016619378396554286
          },
          "C: 0.60-0.65": {
            "n": 415,
            "positive_rate": 0.563855421686747,
            "ci_95_lower": 0.5157730563348323,
            "ci_95_upper": 0.6107664278042789,
            "avg_clv_delta": 0.013680794893512035,
            "median_clv_delta": 0.014724813242069743
          },
          "D: >0.65": {
            "n": 185,
            "positive_rate": 0.654054054054054,
            "ci_95_lower": 0.5830027414452169,
            "ci_95_upper": 0.7188375310371174,
            "avg_clv_delta": 0.035071766251982626,
            "median_clv_delta": 0.042984014903644265
          },
          "overall": {
            "n": 2690,
            "positive_rate": 0.5312267657992565,
            "avg_clv_delta": 0.006423979560611895,
            "median_clv_delta": 0.003216894244903311
          }
        }
      }
    },
    "14d": {
      "overall": {
        "n": 1531,
        "positive_rate": 0.5284128020901372,
        "avg_clv_delta": 0.006406040234375759,
        "median_clv_delta": 0.0026613603466624906
      },
      "by_bucket": {
        "A: <0.55": {
          "n": 712,
          "positive_rate": 0.5224719101123596,
          "ci_95_lower": 0.4857597557315718,
          "ci_95_upper": 0.558942871218301,
          "avg_clv_delta": 0.0018748200092309729,
          "median_clv_delta": 0.0019632267428570096
        },
        "B: 0.55-0.60": {
          "n": 477,
          "positive_rate": 0.5073375262054507,
          "ci_95_lower": 0.46259216531923636,
          "ci_95_upper": 0.5519656433229442,
          "avg_clv_delta": 0.0033545899303885464,
          "median_clv_delta": 0.0014866925359781021
        },
        "C: 0.60-0.65": {
          "n": 234,
          "positive_rate": 0.5256410256410257,
          "ci_95_lower": 0.46176401980936754,
          "ci_95_upper": 0.5886897275586287,
          "avg_clv_delta": 0.01028279653488096,
          "median_clv_delta": 0.005244655827336325
        },
        "D: >0.65": {
          "n": 108,
          "positive_rate": 0.6666666666666666,
          "ci_95_lower": 0.5733874039358369,
          "ci_95_upper": 0.7484964031627739,
          "avg_clv_delta": 0.04135612931758661,
          "median_clv_delta": 0.04597709988296211
        },
        "overall": {
          "n": 1531,
          "positive_rate": 0.5284128020901372,
          "avg_clv_delta": 0.006406040234375759,
          "median_clv_delta": 0.0026613603466624906
        }
      },
      "by_signal_type": {
        "steam": {
          "A: <0.55": {
            "n": 712,
            "positive_rate": 0.5224719101123596,
            "ci_95_lower": 0.4857597557315718,
            "ci_95_upper": 0.558942871218301,
            "avg_clv_delta": 0.0018748200092309729,
            "median_clv_delta": 0.0019632267428570096
          },
          "B: 0.55-0.60": {
            "n": 477,
            "positive_rate": 0.5073375262054507,
            "ci_95_lower": 0.46259216531923636,
            "ci_95_upper": 0.5519656433229442,
            "avg_clv_delta": 0.0033545899303885464,
            "median_clv_delta": 0.0014866925359781021
          },
          "C: 0.60-0.65": {
            "n": 234,
            "positive_rate": 0.5256410256410257,
            "ci_95_lower": 0.46176401980936754,
            "ci_95_upper": 0.5886897275586287,
            "avg_clv_delta": 0.01028279653488096,
            "median_clv_delta": 0.005244655827336325
          },
          "D: >0.65": {
            "n": 108,
            "positive_rate": 0.6666666666666666,
            "ci_95_lower": 0.5733874039358369,
            "ci_95_upper": 0.7484964031627739,
            "avg_clv_delta": 0.04135612931758661,
            "median_clv_delta": 0.04597709988296211
          },
          "overall": {
            "n": 1531,
            "positive_rate": 0.5284128020901372,
            "avg_clv_delta": 0.006406040234375759,
            "median_clv_delta": 0.0026613603466624906
          }
        }
      }
    },
    "7d": {
      "overall": {
        "n": 171,
        "positive_rate": 0.5029239766081871,
        "avg_clv_delta": 0.004332831172747432,
        "median_clv_delta": 0.0011140536001890407
      },
      "by_bucket": {
        "A: <0.55": {
          "n": 70,
          "positive_rate": 0.5,
          "ci_95_lower": 0.3859551898733622,
          "ci_95_upper": 0.6140448101266378,
          "avg_clv_delta": -0.0004056323080405737,
          "median_clv_delta": -4.404101694855289e-06
        },
        "B: 0.55-0.60": {
          "n": 60,
          "positive_rate": 0.5,
          "ci_95_lower": 0.37734812427246284,
          "ci_95_upper": 0.6226518757275372,
          "avg_clv_delta": 0.003543154573091799,
          "median_clv_delta": -0.00017211511953794966
        },
        "C: 0.60-0.65": {
          "n": 27,
          "positive_rate": 0.4444444444444444,
          "ci_95_lower": 0.27585597670072826,
          "ci_95_upper": 0.6268728052042312,
          "avg_clv_delta": 0.0010074762752954923,
          "median_clv_delta": -0.01387996314578803
        },
        "D: >0.65": {
          "n": 14,
          "positive_rate": 0.6428571428571429,
          "ci_95_lower": 0.3876400468214041,
          "ci_95_upper": 0.8365550926279727,
          "avg_clv_delta": 0.03782266130601177,
          "median_clv_delta": 0.04780787501277695
        },
        "overall": {
          "n": 171,
          "positive_rate": 0.5029239766081871,
          "avg_clv_delta": 0.004332831172747432,
          "median_clv_delta": 0.0011140536001890407
        }
      },
      "by_signal_type": {
        "steam": {
          "A: <0.55": {
            "n": 70,
            "positive_rate": 0.5,